run_name,mode,question_id,question,retriever_model_key,top_k,answer_relevancy,answer_similarity,faithfulness,context_precision,context_recall
no_rag,no_rag,eval_0001,How to prevent Diabetic Kidney Disease ?,,0,0.8710526497361362,0.7795864403115804,,,
no_rag,no_rag,eval_0002,What are the complications of Machado-Joseph Disease ?,,0,0.9813594537338513,0.23976929569021802,,,
no_rag,no_rag,eval_0003,What is (are) Rheumatoid Arthritis ?,,0,0.628937107577828,0.8012318377880063,,,
no_rag,no_rag,eval_0004,Is Familial isolated hyperparathyroidism inherited ?,,0,0.0,0.9321161707713845,,,
no_rag,no_rag,eval_0005,What are the genetic changes related to giant congenital melanocytic nevus ?,,0,0.8331023843538669,0.6999811234728486,,,
no_rag,no_rag,eval_0006,Is diastrophic dysplasia inherited ?,,0,0.8656368089685099,0.6694264607030795,,,
no_rag,no_rag,eval_0007,Is glucose phosphate isomerase deficiency inherited ?,,0,0.0,0.5147077712703017,,,
no_rag,no_rag,eval_0008,What causes Chromosome 4q deletion ?,,0,0.8825777046647878,0.8535619347533873,,,
no_rag,no_rag,eval_0009,What is (are) X-linked lymphoproliferative disease ?,,0,0.745929345575425,0.83785457139235,,,
no_rag,no_rag,eval_0010,How to prevent Lung Cancer ?,,0,0.8360866249682554,0.7465371321370108,,,
no_rag,no_rag,eval_0011,What is (are) Medicare and Continuing Care ?,,0,0.6130782418366278,0.6396770784682106,,,
no_rag,no_rag,eval_0012,What is (are) COG5-congenital disorder of glycosylation ?,,0,0.8547063195771778,0.880458746525466,,,
no_rag,no_rag,eval_0013,What are the symptoms of Congenital myasthenic syndrome with episodic apnea ?,,0,0.0,0.6946521945243032,,,
no_rag,no_rag,eval_0014,What are the treatments for Immunodeficiency with hyper IgM type 1 ?,,0,0.932454470407985,0.7081550754908704,,,
no_rag,no_rag,eval_0015,How many people are affected by mucopolysaccharidosis type VI ?,,0,0.0,0.6675798789667056,,,
no_rag,no_rag,eval_0016,What to do for Perineal Injury in Males ?,,0,0.9368082827337548,0.7239436865942745,,,
no_rag,no_rag,eval_0017,What are the genetic changes related to sialuria ?,,0,0.7261664242881135,0.7315861029693103,,,
no_rag,no_rag,eval_0018,what research (or clinical trials) is being done for Oropharyngeal Cancer ?,,0,0.8706577849455305,0.6640746154659704,,,
no_rag,no_rag,eval_0019,What is (are) Pallister-Killian mosaic syndrome ?,,0,0.9103780599642826,0.9028076567241385,,,
no_rag,no_rag,eval_0020,What are the treatments for Mucopolysaccharidosis type I ?,,0,0.960922307970962,0.8244029120017549,,,
no_rag,no_rag,eval_0021,what research (or clinical trials) is being done for Prostate Cancer ?,,0,0.8719939140698293,0.7511013632986066,,,
no_rag,no_rag,eval_0022,What are the symptoms of Heart Palpitations ?,,0,0.9256647981704086,0.8001746030430382,,,
no_rag,no_rag,eval_0023,What are the treatments for Aicardi syndrome ?,,0,0.8644405389250495,0.7633993714023755,,,
no_rag,no_rag,eval_0024,Do you have information about Fires,,0,0.2711153446412841,0.5474491470189282,,,
no_rag,no_rag,eval_0025,What are the treatments for Juvenile amyotrophic lateral sclerosis ?,,0,0.9324946297809626,0.8315099901455382,,,
no_rag,no_rag,eval_0026,What causes Congenital adrenal hyperplasia ?,,0,0.8869300814933608,0.8809734893206096,,,
no_rag,no_rag,eval_0027,What to do for Gastroparesis ?,,0,0.8601495227792949,0.7271608711187432,,,
no_rag,no_rag,eval_0028,Who is at risk for ARDS? ?,,0,0.9052055860655152,0.6516488069794123,,,
no_rag,no_rag,eval_0029,What is (are) deafness-dystonia-optic neuronopathy syndrome ?,,0,0.8946561799319946,0.7995224802595298,,,
no_rag,no_rag,eval_0030,What is (are) benign chronic pemphigus ?,,0,0.8075714619960072,0.6848144833521577,,,
no_rag,no_rag,eval_0031,What is (are) Hashimoto's syndrome ?,,0,0.7203767436593683,0.7830820116713878,,,
no_rag,no_rag,eval_0032,What are the symptoms of Charcot-Marie-Tooth disease type 2D ?,,0,0.9919909820170693,0.7138122354685362,,,
no_rag,no_rag,eval_0033,What are the symptoms of NADH cytochrome B5 reductase deficiency ?,,0,0.9913381734632188,0.7523953947441614,,,
no_rag,no_rag,eval_0034,What are the treatments for Dementia ?,,0,0.8306644098796542,0.7517822271733333,,,
no_rag,no_rag,eval_0035,"What are the symptoms of Ichthyosiform erythroderma, corneal involvement, deafness ?",,0,0.9208275464631525,0.7377685544589712,,,
no_rag,no_rag,eval_0036,What are the treatments for Frontal fibrosing alopecia ?,,0,0.9312947142062494,0.8597570583133616,,,
no_rag,no_rag,eval_0037,Do you have information about Calcium,,0,0.5496581012409573,0.7619273459621225,,,
no_rag,no_rag,eval_0038,Do you have information about Smokeless Tobacco,,0,0.6368241384913513,0.7891803798677277,,,
no_rag,no_rag,eval_0039,What is the outlook for Tropical Spastic Paraparesis ?,,0,0.0,0.6646330941382782,,,
no_rag,no_rag,eval_0040,What is (are) Parasites - Angiostrongyliasis (also known as Angiostrongylus Infection) ?,,0,0.6425266341659025,0.7308120269260623,,,
no_rag,no_rag,eval_0041,What are the treatments for cystic fibrosis ?,,0,0.944077096894517,0.6468810520652447,,,
no_rag,no_rag,eval_0042,What are the treatments for Leukoplakia ?,,0,0.9209407449778557,0.8228437849181263,,,
no_rag,no_rag,eval_0043,What causes Best vitelliform macular dystrophy ?,,0,0.9770636594248417,0.664036678733527,,,
no_rag,no_rag,eval_0044,What are the symptoms of Biotin-thiamine-responsive basal ganglia disease ?,,0,0.8225537693063703,0.6859358201681953,,,
no_rag,no_rag,eval_0045,How many people are affected by X-linked thrombocytopenia ?,,0,0.0,0.8371242980474721,,,
no_rag,no_rag,eval_0046,What is the outlook for Diabetic Neuropathy ?,,0,0.0,0.7935226800393642,,,
no_rag,no_rag,eval_0047,What are the genetic changes related to multiple sulfatase deficiency ?,,0,0.8137654767319562,0.7191665058881132,,,
no_rag,no_rag,eval_0048,What are the symptoms of Erythroderma lethal congenital ?,,0,0.9235527719735965,0.6737687563644299,,,
no_rag,no_rag,eval_0049,What is the outlook for Lesch-Nyhan Syndrome ?,,0,0.9059709986676134,0.548035727498129,,,
no_rag,no_rag,eval_0050,Is multiple system atrophy inherited ?,,0,0.0,0.7633896725869441,,,
rag_minilm_k3,rag,eval_0001,How to prevent Diabetic Kidney Disease ?,minilm,3,0.9001986437469516,0.811901469929265,0.47368421052631576,0.99999999995,1.0
rag_minilm_k3,rag,eval_0002,What are the complications of Machado-Joseph Disease ?,minilm,3,0.9454687447035544,0.2511268126890177,0.8,0.0,0.0
rag_minilm_k3,rag,eval_0003,What is (are) Rheumatoid Arthritis ?,minilm,3,0.6703407749461732,0.8714538732779257,0.7058823529411765,0.99999999995,0.6666666666666666
rag_minilm_k3,rag,eval_0004,Is Familial isolated hyperparathyroidism inherited ?,minilm,3,0.905505967330301,0.9478015517576902,0.6,0.99999999995,1.0
rag_minilm_k3,rag,eval_0005,What are the genetic changes related to giant congenital melanocytic nevus ?,minilm,3,0.9699921293518283,0.9360497093164057,0.5714285714285714,0.99999999995,0.8888888888888888
rag_minilm_k3,rag,eval_0006,Is diastrophic dysplasia inherited ?,minilm,3,0.9104250535795001,0.7315698197241376,0.6666666666666666,0.99999999995,1.0
rag_minilm_k3,rag,eval_0007,Is glucose phosphate isomerase deficiency inherited ?,minilm,3,0.9368758509286477,0.6219096809478692,0.6666666666666666,0.99999999995,1.0
rag_minilm_k3,rag,eval_0008,What causes Chromosome 4q deletion ?,minilm,3,0.8716230137801345,0.9515141447197744,0.5652173913043478,0.99999999995,0.8333333333333334
rag_minilm_k3,rag,eval_0009,What is (are) X-linked lymphoproliferative disease ?,minilm,3,0.7443087114475727,0.8833254858567625,0.6,0.99999999995,1.0
rag_minilm_k3,rag,eval_0010,How to prevent Lung Cancer ?,minilm,3,0.0,0.791763830793742,0.7777777777777778,0.99999999995,0.4117647058823529
rag_minilm_k3,rag,eval_0011,What is (are) Medicare and Continuing Care ?,minilm,3,0.5880927188072836,0.6321090387897272,0.1935483870967742,0.49999999995,0.5
rag_minilm_k3,rag,eval_0012,What is (are) COG5-congenital disorder of glycosylation ?,minilm,3,0.8799923209028532,0.9319889404979604,0.65625,0.99999999995,0.5
rag_minilm_k3,rag,eval_0013,What are the symptoms of Congenital myasthenic syndrome with episodic apnea ?,minilm,3,0.9936689655230675,0.8350254488708644,0.13333333333333333,0.99999999995,0.7692307692307693
rag_minilm_k3,rag,eval_0014,What are the treatments for Immunodeficiency with hyper IgM type 1 ?,minilm,3,0.9950334298245876,0.8274897572088051,0.75,0.99999999995,0.8333333333333334
rag_minilm_k3,rag,eval_0015,How many people are affected by mucopolysaccharidosis type VI ?,minilm,3,0.0,0.828179942925451,0.5,0.9999999999,1.0
rag_minilm_k3,rag,eval_0016,What to do for Perineal Injury in Males ?,minilm,3,0.8747034816166717,0.8598797675285288,0.5,0.99999999995,0.7
rag_minilm_k3,rag,eval_0017,What are the genetic changes related to sialuria ?,minilm,3,0.775797006603158,0.8448031197611453,0.14285714285714285,0.9999999999,0.4444444444444444
rag_minilm_k3,rag,eval_0018,what research (or clinical trials) is being done for Oropharyngeal Cancer ?,minilm,3,0.7323849119042029,0.751037791358748,0.75,0.99999999995,0.4117647058823529
rag_minilm_k3,rag,eval_0019,What is (are) Pallister-Killian mosaic syndrome ?,minilm,3,0.8924663134336001,0.9641243637447663,0.7037037037037037,0.99999999995,1.0
rag_minilm_k3,rag,eval_0020,What are the treatments for Mucopolysaccharidosis type I ?,minilm,3,0.962722403131123,0.75371825145438,0.0,0.0,0.0
rag_minilm_k3,rag,eval_0021,what research (or clinical trials) is being done for Prostate Cancer ?,minilm,3,0.8352060676613395,0.8722147278396617,0.3076923076923077,0.99999999995,0.8125
rag_minilm_k3,rag,eval_0022,What are the symptoms of Heart Palpitations ?,minilm,3,0.925655382448214,0.917587070062256,0.8846153846153846,0.99999999995,0.42857142857142855
rag_minilm_k3,rag,eval_0023,What are the treatments for Aicardi syndrome ?,minilm,3,0.0,0.7241336585635227,0.9,0.9999999999,1.0
rag_minilm_k3,rag,eval_0024,Do you have information about Fires,minilm,3,0.5001024139137425,0.8565901141764675,0.68,0.9999999999,0.9411764705882353
rag_minilm_k3,rag,eval_0025,What are the treatments for Juvenile amyotrophic lateral sclerosis ?,minilm,3,0.0,0.9590791393327583,0.5454545454545454,0.99999999995,0.7142857142857143
rag_minilm_k3,rag,eval_0026,What causes Congenital adrenal hyperplasia ?,minilm,3,0.8869255327021012,0.9130916477811606,0.6923076923076923,0.99999999995,0.8461538461538461
rag_minilm_k3,rag,eval_0027,What to do for Gastroparesis ?,minilm,3,0.8283708072615845,0.7831337328935889,0.7307692307692307,0.99999999995,1.0
rag_minilm_k3,rag,eval_0028,Who is at risk for ARDS? ?,minilm,3,0.8038448441876408,0.8981287972331989,0.5,0.99999999995,0.6153846153846154
rag_minilm_k3,rag,eval_0029,What is (are) deafness-dystonia-optic neuronopathy syndrome ?,minilm,3,0.7912013706956428,0.9367663520423783,0.6875,0.99999999995,0.9230769230769231
rag_minilm_k3,rag,eval_0030,What is (are) benign chronic pemphigus ?,minilm,3,0.8478459918174054,0.9813037703300971,0.6666666666666666,0.9999999999,0.4444444444444444
rag_minilm_k3,rag,eval_0031,What is (are) Hashimoto's syndrome ?,minilm,3,0.793526406239789,0.8603413089346331,0.3333333333333333,0.9999999999,0.125
rag_minilm_k3,rag,eval_0032,What are the symptoms of Charcot-Marie-Tooth disease type 2D ?,minilm,3,0.0,0.7945759922336135,0.09523809523809523,0.49999999995,0.38461538461538464
rag_minilm_k3,rag,eval_0033,What are the symptoms of NADH cytochrome B5 reductase deficiency ?,minilm,3,0.0,0.8423223402483822,0.0,0.9999999999,0.5555555555555556
rag_minilm_k3,rag,eval_0034,What are the treatments for Dementia ?,minilm,3,0.9285125416943393,0.7618839786894687,0.6666666666666666,0.9999999999,0.6666666666666666
rag_minilm_k3,rag,eval_0035,"What are the symptoms of Ichthyosiform erythroderma, corneal involvement, deafness ?",minilm,3,0.748899895144136,0.7778895570751985,0.0,0.99999999995,0.3076923076923077
rag_minilm_k3,rag,eval_0036,What are the treatments for Frontal fibrosing alopecia ?,minilm,3,0.8671169726744167,0.9213251803735406,0.6666666666666666,0.99999999995,1.0
rag_minilm_k3,rag,eval_0037,Do you have information about Calcium,minilm,3,0.5201157863434439,0.8675880238192248,0.5,0.99999999995,0.5384615384615384
rag_minilm_k3,rag,eval_0038,Do you have information about Smokeless Tobacco,minilm,3,0.6368337423105465,0.8911017938008878,0.7894736842105263,0.9999999999,0.6666666666666666
rag_minilm_k3,rag,eval_0039,What is the outlook for Tropical Spastic Paraparesis ?,minilm,3,0.0,0.8257480813092226,0.7777777777777778,0.9999999999,1.0
rag_minilm_k3,rag,eval_0040,What is (are) Parasites - Angiostrongyliasis (also known as Angiostrongylus Infection) ?,minilm,3,0.6684536581379343,0.8804591333140857,0.6923076923076923,0.99999999995,1.0
rag_minilm_k3,rag,eval_0041,What are the treatments for cystic fibrosis ?,minilm,3,0.9293843538984469,0.663970927706728,0.5238095238095238,0.49999999995,1.0
rag_minilm_k3,rag,eval_0042,What are the treatments for Leukoplakia ?,minilm,3,0.9916211249211596,0.8713811042255017,0.5833333333333334,0.99999999995,0.75
rag_minilm_k3,rag,eval_0043,What causes Best vitelliform macular dystrophy ?,minilm,3,0.0,0.8749712135805392,0.3333333333333333,0.0,0.0
rag_minilm_k3,rag,eval_0044,What are the symptoms of Biotin-thiamine-responsive basal ganglia disease ?,minilm,3,0.9934591372385341,0.773639620480371,0.043478260869565216,0.49999999995,0.7692307692307693
rag_minilm_k3,rag,eval_0045,How many people are affected by X-linked thrombocytopenia ?,minilm,3,0.8139705186640446,0.9617939382174407,0.5,0.9999999999,1.0
rag_minilm_k3,rag,eval_0046,What is the outlook for Diabetic Neuropathy ?,minilm,3,0.0,0.8817224862716864,0.75,0.99999999995,1.0
rag_minilm_k3,rag,eval_0047,What are the genetic changes related to multiple sulfatase deficiency ?,minilm,3,0.8276837124199008,0.9525822102465962,0.25,0.9999999999,0.5
rag_minilm_k3,rag,eval_0048,What are the symptoms of Erythroderma lethal congenital ?,minilm,3,0.9949392309361094,0.8216646848565565,0.4444444444444444,0.9999999999,0.6923076923076923
rag_minilm_k3,rag,eval_0049,What is the outlook for Lesch-Nyhan Syndrome ?,minilm,3,0.938494951700854,0.741831915765883,0.6666666666666666,0.9999999999,1.0
rag_minilm_k3,rag,eval_0050,Is multiple system atrophy inherited ?,minilm,3,0.0,0.8158975569720324,0.6666666666666666,0.99999999995,1.0
rag_minilm_k5,rag,eval_0001,How to prevent Diabetic Kidney Disease ?,minilm,5,0.8685653113793048,0.8141027966222627,0.6,0.99999999995,1.0
rag_minilm_k5,rag,eval_0002,What are the complications of Machado-Joseph Disease ?,minilm,5,0.0,0.1669830113192294,0.6666666666666666,0.0,0.0
rag_minilm_k5,rag,eval_0003,What is (are) Rheumatoid Arthritis ?,minilm,5,0.6168700453987239,0.8769803405209061,0.625,0.99999999995,0.6666666666666666
rag_minilm_k5,rag,eval_0004,Is Familial isolated hyperparathyroidism inherited ?,minilm,5,0.905505967330301,0.8283200358320053,0.5,0.99999999995,1.0
rag_minilm_k5,rag,eval_0005,What are the genetic changes related to giant congenital melanocytic nevus ?,minilm,5,0.9662594238744646,0.8982798199658382,0.5555555555555556,0.99999999995,0.8888888888888888
rag_minilm_k5,rag,eval_0006,Is diastrophic dysplasia inherited ?,minilm,5,0.9104245380547713,0.7333705628533245,0.6666666666666666,0.99999999995,1.0
rag_minilm_k5,rag,eval_0007,Is glucose phosphate isomerase deficiency inherited ?,minilm,5,0.9369003203806724,0.6219684745276213,0.6666666666666666,0.99999999995,1.0
rag_minilm_k5,rag,eval_0008,What causes Chromosome 4q deletion ?,minilm,5,0.9037202559129113,0.944943877602312,0.5714285714285714,0.99999999995,0.6666666666666666
rag_minilm_k5,rag,eval_0009,What is (are) X-linked lymphoproliferative disease ?,minilm,5,0.7230410265207663,0.900536900324209,0.4375,0.99999999995,0.2222222222222222
rag_minilm_k5,rag,eval_0010,How to prevent Lung Cancer ?,minilm,5,0.7975913428691098,0.811881942234272,0.7333333333333333,0.99999999995,0.5333333333333333
rag_minilm_k5,rag,eval_0011,What is (are) Medicare and Continuing Care ?,minilm,5,0.8737476271925082,0.6514208804876563,0.3076923076923077,0.49999999995,0.5
rag_minilm_k5,rag,eval_0012,What is (are) COG5-congenital disorder of glycosylation ?,minilm,5,0.8688429456764547,0.9452316089982498,0.2608695652173913,0.99999999995,0.5
rag_minilm_k5,rag,eval_0013,What are the symptoms of Congenital myasthenic syndrome with episodic apnea ?,minilm,5,0.9936664363305724,0.8335323813510491,0.0,0.99999999995,0.9230769230769231
rag_minilm_k5,rag,eval_0014,What are the treatments for Immunodeficiency with hyper IgM type 1 ?,minilm,5,0.9950308918474207,0.8336568901630352,0.75,0.99999999995,0.8333333333333334
rag_minilm_k5,rag,eval_0015,How many people are affected by mucopolysaccharidosis type VI ?,minilm,5,0.0,0.8282691077115811,0.5,0.9999999999,1.0
rag_minilm_k5,rag,eval_0016,What to do for Perineal Injury in Males ?,minilm,5,0.0,0.8624354133022274,0.4444444444444444,0.99999999995,0.7
rag_minilm_k5,rag,eval_0017,What are the genetic changes related to sialuria ?,minilm,5,0.7757344942721841,0.8948167254678037,0.3333333333333333,0.9999999999,0.4444444444444444
rag_minilm_k5,rag,eval_0018,what research (or clinical trials) is being done for Oropharyngeal Cancer ?,minilm,5,0.7432523309024279,0.7180967830890777,0.5555555555555556,0.99999999995,0.4117647058823529
rag_minilm_k5,rag,eval_0019,What is (are) Pallister-Killian mosaic syndrome ?,minilm,5,0.8906211334465307,0.9224509026891535,0.6521739130434783,0.99999999995,0.6
rag_minilm_k5,rag,eval_0020,What are the treatments for Mucopolysaccharidosis type I ?,minilm,5,0.9152245080825979,0.9208038365472899,0.0,0.0,0.0
rag_minilm_k5,rag,eval_0021,what research (or clinical trials) is being done for Prostate Cancer ?,minilm,5,0.7500495304564426,0.8723792447575457,0.3,0.99999999995,0.9230769230769231
rag_minilm_k5,rag,eval_0022,What are the symptoms of Heart Palpitations ?,minilm,5,0.9256560481608839,0.9362850761705003,0.782608695652174,0.99999999995,0.42857142857142855
rag_minilm_k5,rag,eval_0023,What are the treatments for Aicardi syndrome ?,minilm,5,0.0,0.7414539381925409,0.6666666666666666,0.9999999999,1.0
rag_minilm_k5,rag,eval_0024,Do you have information about Fires,minilm,5,0.5062822898938724,0.746280199787396,0.631578947368421,0.9999999999,0.9411764705882353
rag_minilm_k5,rag,eval_0025,What are the treatments for Juvenile amyotrophic lateral sclerosis ?,minilm,5,0.9311549100905944,0.9546693823884862,0.5454545454545454,0.99999999995,0.7142857142857143
rag_minilm_k5,rag,eval_0026,What causes Congenital adrenal hyperplasia ?,minilm,5,0.8869300814933608,0.8889229815244886,0.75,0.99999999995,0.7692307692307693
rag_minilm_k5,rag,eval_0027,What to do for Gastroparesis ?,minilm,5,0.8177081712372841,0.7600847397510314,0.6086956521739131,0.99999999995,1.0
rag_minilm_k5,rag,eval_0028,Who is at risk for ARDS? ?,minilm,5,0.0,0.8727739985174403,0.5,0.99999999995,0.6153846153846154
rag_minilm_k5,rag,eval_0029,What is (are) deafness-dystonia-optic neuronopathy syndrome ?,minilm,5,0.8175221384333615,0.9149340575521139,0.3333333333333333,0.99999999995,0.9230769230769231
rag_minilm_k5,rag,eval_0030,What is (are) benign chronic pemphigus ?,minilm,5,0.8276940431442343,0.969769188287734,0.42105263157894735,0.9999999999,0.4444444444444444
rag_minilm_k5,rag,eval_0031,What is (are) Hashimoto's syndrome ?,minilm,5,0.7730399266555672,0.7991204193419474,0.6,0.9999999999,0.125
rag_minilm_k5,rag,eval_0032,What are the symptoms of Charcot-Marie-Tooth disease type 2D ?,minilm,5,0.0,0.7986239737003687,0.38461538461538464,0.49999999995,0.8461538461538461
rag_minilm_k5,rag,eval_0033,What are the symptoms of NADH cytochrome B5 reductase deficiency ?,minilm,5,0.9913381734632188,0.8502980234572418,0.0,0.99999999995,0.45454545454545453
rag_minilm_k5,rag,eval_0034,What are the treatments for Dementia ?,minilm,5,0.9374883465717524,0.807044073107503,0.6,0.9999999999,0.6666666666666666
rag_minilm_k5,rag,eval_0035,"What are the symptoms of Ichthyosiform erythroderma, corneal involvement, deafness ?",minilm,5,0.748899895144136,0.7840693666719148,0.5,0.99999999995,0.9230769230769231
rag_minilm_k5,rag,eval_0036,What are the treatments for Frontal fibrosing alopecia ?,minilm,5,0.0,0.9488844001746366,0.4444444444444444,0.99999999995,1.0
rag_minilm_k5,rag,eval_0037,Do you have information about Calcium,minilm,5,0.5337164690558006,0.85767159429516,0.5714285714285714,0.99999999995,0.5384615384615384
rag_minilm_k5,rag,eval_0038,Do you have information about Smokeless Tobacco,minilm,5,0.6367264459997025,0.9047328025941396,0.75,0.9999999999,0.6666666666666666
rag_minilm_k5,rag,eval_0039,What is the outlook for Tropical Spastic Paraparesis ?,minilm,5,0.0,0.8263973057080087,0.7777777777777778,0.9999999999,1.0
rag_minilm_k5,rag,eval_0040,What is (are) Parasites - Angiostrongyliasis (also known as Angiostrongylus Infection) ?,minilm,5,0.6543560818902152,0.853526404800814,0.38461538461538464,0.99999999995,1.0
rag_minilm_k5,rag,eval_0041,What are the treatments for cystic fibrosis ?,minilm,5,0.9481326371087263,0.6315216907041497,0.5333333333333333,0.49999999995,1.0
rag_minilm_k5,rag,eval_0042,What are the treatments for Leukoplakia ?,minilm,5,0.0,0.8771739461967365,0.4666666666666667,0.99999999995,0.75
rag_minilm_k5,rag,eval_0043,What causes Best vitelliform macular dystrophy ?,minilm,5,0.0,0.9029973427153972,0.0,0.0,0.3333333333333333
rag_minilm_k5,rag,eval_0044,What are the symptoms of Biotin-thiamine-responsive basal ganglia disease ?,minilm,5,0.9855387648489408,0.8042836888357725,0.13043478260869565,0.49999999995,0.46153846153846156
rag_minilm_k5,rag,eval_0045,How many people are affected by X-linked thrombocytopenia ?,minilm,5,0.0,0.9591202608281488,0.5,0.9999999999,1.0
rag_minilm_k5,rag,eval_0046,What is the outlook for Diabetic Neuropathy ?,minilm,5,0.0,0.8928098544348257,0.75,0.99999999995,1.0
rag_minilm_k5,rag,eval_0047,What are the genetic changes related to multiple sulfatase deficiency ?,minilm,5,0.8276771253239938,0.9447694453719363,0.375,0.9999999999,0.5
rag_minilm_k5,rag,eval_0048,What are the symptoms of Erythroderma lethal congenital ?,minilm,5,0.9949303727558695,0.8214666039055536,0.4444444444444444,0.9999999999,0.6923076923076923
rag_minilm_k5,rag,eval_0049,What is the outlook for Lesch-Nyhan Syndrome ?,minilm,5,0.938494951700854,0.8049052661264826,0.6,0.9999999999,1.0
rag_minilm_k5,rag,eval_0050,Is multiple system atrophy inherited ?,minilm,5,0.0,0.8776719365513682,0.6666666666666666,0.99999999995,1.0
rag_minilm_k10,rag,eval_0001,How to prevent Diabetic Kidney Disease ?,minilm,10,0.8690761299736849,0.8325451858428098,0.4444444444444444,0.99999999995,0.8888888888888888
rag_minilm_k10,rag,eval_0002,What are the complications of Machado-Joseph Disease ?,minilm,10,0.0,0.16520421839355764,0.5,0.0,0.0
rag_minilm_k10,rag,eval_0003,What is (are) Rheumatoid Arthritis ?,minilm,10,0.6168379823990915,0.8844877422072148,0.5789473684210527,0.99999999995,0.6666666666666666
rag_minilm_k10,rag,eval_0004,Is Familial isolated hyperparathyroidism inherited ?,minilm,10,0.905505967330301,0.851455621302261,0.6,0.99999999995,1.0
rag_minilm_k10,rag,eval_0005,What are the genetic changes related to giant congenital melanocytic nevus ?,minilm,10,0.8057938175695191,0.8754891226581153,0.16666666666666666,0.99999999995,0.8888888888888888
rag_minilm_k10,rag,eval_0006,Is diastrophic dysplasia inherited ?,minilm,10,0.9104250535795001,0.7333705628533245,0.6666666666666666,0.99999999995,1.0
rag_minilm_k10,rag,eval_0007,Is glucose phosphate isomerase deficiency inherited ?,minilm,10,0.9368865977076227,0.6203384587085454,0.6666666666666666,0.99999999995,1.0
rag_minilm_k10,rag,eval_0008,What causes Chromosome 4q deletion ?,minilm,10,0.8592800560331104,0.9600013086114703,0.6428571428571429,0.99999999995,0.6666666666666666
rag_minilm_k10,rag,eval_0009,What is (are) X-linked lymphoproliferative disease ?,minilm,10,0.746688876612773,0.8881263668389343,0.4,0.99999999995,1.0
rag_minilm_k10,rag,eval_0010,How to prevent Lung Cancer ?,minilm,10,0.7975913428691098,0.8107330025499558,0.6666666666666666,0.99999999995,0.8888888888888888
rag_minilm_k10,rag,eval_0011,What is (are) Medicare and Continuing Care ?,minilm,10,0.6131740564218541,0.719116574541651,0.34782608695652173,0.49999999995,0.0
rag_minilm_k10,rag,eval_0012,What is (are) COG5-congenital disorder of glycosylation ?,minilm,10,0.8591928528207858,0.9755201743905881,0.30434782608695654,0.99999999995,0.5
rag_minilm_k10,rag,eval_0013,What are the symptoms of Congenital myasthenic syndrome with episodic apnea ?,minilm,10,0.9936726296185766,0.8378180100356141,0.17647058823529413,0.99999999995,0.8461538461538461
rag_minilm_k10,rag,eval_0014,What are the treatments for Immunodeficiency with hyper IgM type 1 ?,minilm,10,0.9615293245106401,0.8465580355393569,0.75,0.99999999995,0.8333333333333334
rag_minilm_k10,rag,eval_0015,How many people are affected by mucopolysaccharidosis type VI ?,minilm,10,0.0,0.8189667882423004,0.75,0.9999999999,1.0
rag_minilm_k10,rag,eval_0016,What to do for Perineal Injury in Males ?,minilm,10,0.8747034816166717,0.8797224336785057,0.3125,0.99999999995,0.6
rag_minilm_k10,rag,eval_0017,What are the genetic changes related to sialuria ?,minilm,10,0.7757577406638982,0.8964217847899287,0.375,0.99999999995,0.4444444444444444
rag_minilm_k10,rag,eval_0018,what research (or clinical trials) is being done for Oropharyngeal Cancer ?,minilm,10,0.0,0.7663216228215448,0.75,0.99999999995,0.9375
rag_minilm_k10,rag,eval_0019,What is (are) Pallister-Killian mosaic syndrome ?,minilm,10,0.8906355098560473,0.9545299092834756,0.9166666666666666,0.99999999995,0.2
rag_minilm_k10,rag,eval_0020,What are the treatments for Mucopolysaccharidosis type I ?,minilm,10,0.9338988474508308,0.9062228149283975,0.1,0.0,0.0
rag_minilm_k10,rag,eval_0021,what research (or clinical trials) is being done for Prostate Cancer ?,minilm,10,0.8253052012700576,0.8725117557640663,0.4444444444444444,0.99999999995,0.9230769230769231
rag_minilm_k10,rag,eval_0022,What are the symptoms of Heart Palpitations ?,minilm,10,0.9256560481608839,0.9237767684702205,0.7,0.99999999995,0.42857142857142855
rag_minilm_k10,rag,eval_0023,What are the treatments for Aicardi syndrome ?,minilm,10,0.0,0.7390444571447542,0.6666666666666666,0.9999999999,1.0
rag_minilm_k10,rag,eval_0024,Do you have information about Fires,minilm,10,0.5053701417149664,0.8220634764741321,0.6521739130434783,0.9999999999,0.9411764705882353
rag_minilm_k10,rag,eval_0025,What are the treatments for Juvenile amyotrophic lateral sclerosis ?,minilm,10,0.9338208620298833,0.9213909932593877,0.2631578947368421,0.99999999995,1.0
rag_minilm_k10,rag,eval_0026,What causes Congenital adrenal hyperplasia ?,minilm,10,0.8869209975270126,0.9155739304705134,0.5384615384615384,0.99999999995,0.9166666666666666
rag_minilm_k10,rag,eval_0027,What to do for Gastroparesis ?,minilm,10,0.0,0.784498693575457,0.45454545454545453,0.99999999995,1.0
rag_minilm_k10,rag,eval_0028,Who is at risk for ARDS? ?,minilm,10,0.8112612431124429,0.8515746030556548,0.8461538461538461,0.99999999995,0.6153846153846154
rag_minilm_k10,rag,eval_0029,What is (are) deafness-dystonia-optic neuronopathy syndrome ?,minilm,10,0.8090312328091191,0.8876935911756458,0.3333333333333333,0.99999999995,0.46153846153846156
rag_minilm_k10,rag,eval_0030,What is (are) benign chronic pemphigus ?,minilm,10,0.8479206700749686,0.9676671175054445,0.7857142857142857,0.9999999999,0.5555555555555556
rag_minilm_k10,rag,eval_0031,What is (are) Hashimoto's syndrome ?,minilm,10,0.773415780432139,0.8171914213064252,0.52,0.9999999999,0.125
rag_minilm_k10,rag,eval_0032,What are the symptoms of Charcot-Marie-Tooth disease type 2D ?,minilm,10,0.0,0.7878711752665501,0.5333333333333333,0.49999999995,0.7692307692307693
rag_minilm_k10,rag,eval_0033,What are the symptoms of NADH cytochrome B5 reductase deficiency ?,minilm,10,0.0,0.8266009248337433,0.2,0.9999999999,1.0
rag_minilm_k10,rag,eval_0034,What are the treatments for Dementia ?,minilm,10,0.8707989485233613,0.8209440993558406,0.47619047619047616,0.9999999999,0.6666666666666666
rag_minilm_k10,rag,eval_0035,"What are the symptoms of Ichthyosiform erythroderma, corneal involvement, deafness ?",minilm,10,0.7489239110861238,0.7991282335858485,0.2857142857142857,0.99999999995,0.6923076923076923
rag_minilm_k10,rag,eval_0036,What are the treatments for Frontal fibrosing alopecia ?,minilm,10,0.0,0.9356742953940405,0.7,0.99999999995,0.6
rag_minilm_k10,rag,eval_0037,Do you have information about Calcium,minilm,10,0.5308493925586191,0.8364225523151686,0.75,0.99999999995,0.5384615384615384
rag_minilm_k10,rag,eval_0038,Do you have information about Smokeless Tobacco,minilm,10,0.6367439349408682,0.8489171289342339,0.6923076923076923,0.9999999999,0.6666666666666666
rag_minilm_k10,rag,eval_0039,What is the outlook for Tropical Spastic Paraparesis ?,minilm,10,0.0,0.8161575501722391,0.75,0.9999999999,1.0
rag_minilm_k10,rag,eval_0040,What is (are) Parasites - Angiostrongyliasis (also known as Angiostrongylus Infection) ?,minilm,10,0.625795322647528,0.8297244168293625,0.2727272727272727,0.99999999995,1.0
rag_minilm_k10,rag,eval_0041,What are the treatments for cystic fibrosis ?,minilm,10,0.8423942664317056,0.6486635357858648,0.6666666666666666,0.49999999995,1.0
rag_minilm_k10,rag,eval_0042,What are the treatments for Leukoplakia ?,minilm,10,0.0,0.8828210149229291,0.5714285714285714,0.99999999995,0.75
rag_minilm_k10,rag,eval_0043,What causes Best vitelliform macular dystrophy ?,minilm,10,0.846212077684799,0.8676234074345173,0.3333333333333333,0.0,0.0
rag_minilm_k10,rag,eval_0044,What are the symptoms of Biotin-thiamine-responsive basal ganglia disease ?,minilm,10,0.993452701343161,0.7932467130728891,0.037037037037037035,0.49999999995,0.38461538461538464
rag_minilm_k10,rag,eval_0045,How many people are affected by X-linked thrombocytopenia ?,minilm,10,0.8140088582619761,0.9619476647432788,0.5,0.9999999999,1.0
rag_minilm_k10,rag,eval_0046,What is the outlook for Diabetic Neuropathy ?,minilm,10,0.0,0.8815070502477496,0.75,0.9999999999,1.0
rag_minilm_k10,rag,eval_0047,What are the genetic changes related to multiple sulfatase deficiency ?,minilm,10,0.8276771253239938,0.9447482221048472,0.3,0.9999999999,0.5
rag_minilm_k10,rag,eval_0048,What are the symptoms of Erythroderma lethal congenital ?,minilm,10,0.9949303727558695,0.7891073765693215,0.375,0.99999999995,0.6923076923076923
rag_minilm_k10,rag,eval_0049,What is the outlook for Lesch-Nyhan Syndrome ?,minilm,10,0.9384796465117767,0.8051855873609068,0.5,0.9999999999,1.0
rag_minilm_k10,rag,eval_0050,Is multiple system atrophy inherited ?,minilm,10,0.0,0.8206116498347732,0.6666666666666666,0.99999999995,1.0
rag_bge_small_k3,rag,eval_0001,How to prevent Diabetic Kidney Disease ?,bge_small,3,0.9001903039202124,0.8025408013096662,0.5882352941176471,0.99999999995,0.8055555555555556
rag_bge_small_k3,rag,eval_0002,What are the complications of Machado-Joseph Disease ?,bge_small,3,0.0,0.11057415893206896,0.0,0.0,0.0
rag_bge_small_k3,rag,eval_0003,What is (are) Rheumatoid Arthritis ?,bge_small,3,0.670389563649192,0.8476475888457596,0.36,0.99999999995,0.5555555555555556
rag_bge_small_k3,rag,eval_0004,Is Familial isolated hyperparathyroidism inherited ?,bge_small,3,0.9055174662577383,0.8262720005177815,0.5,0.99999999995,1.0
rag_bge_small_k3,rag,eval_0005,What are the genetic changes related to giant congenital melanocytic nevus ?,bge_small,3,0.813054476444937,0.9045632674328841,0.25,0.99999999995,0.7777777777777778
rag_bge_small_k3,rag,eval_0006,Is diastrophic dysplasia inherited ?,bge_small,3,0.9104040267151106,0.7316263038416044,0.6666666666666666,0.99999999995,1.0
rag_bge_small_k3,rag,eval_0007,Is glucose phosphate isomerase deficiency inherited ?,bge_small,3,0.9368865977076227,0.6218336631605554,0.6666666666666666,0.99999999995,1.0
rag_bge_small_k3,rag,eval_0008,What causes Chromosome 4q deletion ?,bge_small,3,0.8141547353120258,0.957997246251979,0.25,0.99999999995,0.6
rag_bge_small_k3,rag,eval_0009,What is (are) X-linked lymphoproliferative disease ?,bge_small,3,0.72951664562341,0.8936452886950346,0.3076923076923077,0.99999999995,0.5
rag_bge_small_k3,rag,eval_0010,How to prevent Lung Cancer ?,bge_small,3,0.826504262695375,0.8888232727867917,0.4166666666666667,0.99999999995,0.5
rag_bge_small_k3,rag,eval_0011,What is (are) Medicare and Continuing Care ?,bge_small,3,0.5782294608467949,0.777838280868705,0.7857142857142857,0.99999999995,0.0
rag_bge_small_k3,rag,eval_0012,What is (are) COG5-congenital disorder of glycosylation ?,bge_small,3,0.8688251416414005,0.927777694077758,0.6333333333333333,0.99999999995,0.5
rag_bge_small_k3,rag,eval_0013,What are the symptoms of Congenital myasthenic syndrome with episodic apnea ?,bge_small,3,0.9936696978673208,0.8322232862318387,0.0,0.99999999995,0.8461538461538461
rag_bge_small_k3,rag,eval_0014,What are the treatments for Immunodeficiency with hyper IgM type 1 ?,bge_small,3,0.9950334298245876,0.8352882886454109,0.75,0.99999999995,0.8333333333333334
rag_bge_small_k3,rag,eval_0015,How many people are affected by mucopolysaccharidosis type VI ?,bge_small,3,0.0,0.828179942925451,0.5,0.9999999999,1.0
rag_bge_small_k3,rag,eval_0016,What to do for Perineal Injury in Males ?,bge_small,3,0.9103298014885831,0.8406650981598996,0.3333333333333333,0.99999999995,0.6
rag_bge_small_k3,rag,eval_0017,What are the genetic changes related to sialuria ?,bge_small,3,0.7284136917680736,0.9028801780131736,0.3,0.9999999999,0.4444444444444444
rag_bge_small_k3,rag,eval_0018,what research (or clinical trials) is being done for Oropharyngeal Cancer ?,bge_small,3,0.816664764247132,0.7768388318504649,0.5833333333333334,0.99999999995,0.8823529411764706
rag_bge_small_k3,rag,eval_0019,What is (are) Pallister-Killian mosaic syndrome ?,bge_small,3,0.9043017248009758,0.9484923906037106,0.4444444444444444,0.99999999995,0.1
rag_bge_small_k3,rag,eval_0020,What are the treatments for Mucopolysaccharidosis type I ?,bge_small,3,0.9152557438551513,0.9455229437410709,0.7619047619047619,0.9999999999,0.875
rag_bge_small_k3,rag,eval_0021,what research (or clinical trials) is being done for Prostate Cancer ?,bge_small,3,0.8448254142586925,0.8299569997426407,0.42857142857142855,0.99999999995,0.8333333333333334
rag_bge_small_k3,rag,eval_0022,What are the symptoms of Heart Palpitations ?,bge_small,3,0.925655382448214,0.880432051799215,0.8421052631578947,0.99999999995,0.42857142857142855
rag_bge_small_k3,rag,eval_0023,What are the treatments for Aicardi syndrome ?,bge_small,3,0.9521626049429185,0.7225709754529501,0.75,0.0,0.5
rag_bge_small_k3,rag,eval_0024,Do you have information about Fires,bge_small,3,0.5080581273233631,0.8475887840596729,0.7727272727272727,0.9999999999,0.8235294117647058
rag_bge_small_k3,rag,eval_0025,What are the treatments for Juvenile amyotrophic lateral sclerosis ?,bge_small,3,0.0,0.967252106813917,0.5833333333333334,0.9999999999,0.7142857142857143
rag_bge_small_k3,rag,eval_0026,What causes Congenital adrenal hyperplasia ?,bge_small,3,0.0,0.9068076630249027,0.6,0.99999999995,0.6666666666666666
rag_bge_small_k3,rag,eval_0027,What to do for Gastroparesis ?,bge_small,3,0.8283708072615846,0.7812473606587036,0.5555555555555556,0.99999999995,1.0
rag_bge_small_k3,rag,eval_0028,Who is at risk for ARDS? ?,bge_small,3,0.8299837840649471,0.9008057346088523,0.6923076923076923,0.99999999995,0.6153846153846154
rag_bge_small_k3,rag,eval_0029,What is (are) deafness-dystonia-optic neuronopathy syndrome ?,bge_small,3,0.7767584333660108,0.9480201861075044,0.5789473684210527,0.9999999999,0.6923076923076923
rag_bge_small_k3,rag,eval_0030,What is (are) benign chronic pemphigus ?,bge_small,3,0.8321204508108183,0.9636374832409235,0.6875,0.99999999995,0.4444444444444444
rag_bge_small_k3,rag,eval_0031,What is (are) Hashimoto's syndrome ?,bge_small,3,0.793526406239789,0.8662072304517787,0.7777777777777778,0.99999999995,0.625
rag_bge_small_k3,rag,eval_0032,What are the symptoms of Charcot-Marie-Tooth disease type 2D ?,bge_small,3,0.0,0.8040593138590926,0.35294117647058826,0.9999999999,0.6923076923076923
rag_bge_small_k3,rag,eval_0033,What are the symptoms of NADH cytochrome B5 reductase deficiency ?,bge_small,3,0.0,0.8211327760374436,0.1875,0.9999999999,1.0
rag_bge_small_k3,rag,eval_0034,What are the treatments for Dementia ?,bge_small,3,0.8954608875518023,0.8234673482718378,0.5882352941176471,0.9999999999,0.6666666666666666
rag_bge_small_k3,rag,eval_0035,"What are the symptoms of Ichthyosiform erythroderma, corneal involvement, deafness ?",bge_small,3,0.0,0.7997223205341664,0.5,0.9999999999,0.38461538461538464
rag_bge_small_k3,rag,eval_0036,What are the treatments for Frontal fibrosing alopecia ?,bge_small,3,0.0,0.9221381468520798,0.625,0.9999999999,0.6
rag_bge_small_k3,rag,eval_0037,Do you have information about Calcium,bge_small,3,0.5291524661187167,0.842088841314568,0.5,0.99999999995,0.5384615384615384
rag_bge_small_k3,rag,eval_0038,Do you have information about Smokeless Tobacco,bge_small,3,0.6368241384913513,0.8859003569259244,0.7058823529411765,0.9999999999,0.6666666666666666
rag_bge_small_k3,rag,eval_0039,What is the outlook for Tropical Spastic Paraparesis ?,bge_small,3,0.0,0.8257329626384141,0.7777777777777778,0.9999999999,1.0
rag_bge_small_k3,rag,eval_0040,What is (are) Parasites - Angiostrongyliasis (also known as Angiostrongylus Infection) ?,bge_small,3,0.6684536581379343,0.8805144119720687,0.6923076923076923,0.99999999995,1.0
rag_bge_small_k3,rag,eval_0041,What are the treatments for cystic fibrosis ?,bge_small,3,0.9255826653378448,0.6480546222970792,0.7333333333333333,0.49999999995,1.0
rag_bge_small_k3,rag,eval_0042,What are the treatments for Leukoplakia ?,bge_small,3,0.8719921863425178,0.86890443015023,0.6,0.9999999999,0.75
rag_bge_small_k3,rag,eval_0043,What causes Best vitelliform macular dystrophy ?,bge_small,3,0.0,0.9578967957493087,0.75,0.9999999999,1.0
rag_bge_small_k3,rag,eval_0044,What are the symptoms of Biotin-thiamine-responsive basal ganglia disease ?,bge_small,3,0.9934642644246232,0.7907584630031623,0.125,0.9999999999,0.38461538461538464
rag_bge_small_k3,rag,eval_0045,How many people are affected by X-linked thrombocytopenia ?,bge_small,3,0.0,0.9764406738264096,0.5,0.9999999999,1.0
rag_bge_small_k3,rag,eval_0046,What is the outlook for Diabetic Neuropathy ?,bge_small,3,0.0,0.8845002205583571,0.75,0.9999999999,1.0
rag_bge_small_k3,rag,eval_0047,What are the genetic changes related to multiple sulfatase deficiency ?,bge_small,3,0.8276526452585591,0.9579743636223657,0.45454545454545453,0.9999999999,0.5
rag_bge_small_k3,rag,eval_0048,What are the symptoms of Erythroderma lethal congenital ?,bge_small,3,0.9949303727558695,0.8239222606119835,0.4,0.9999999999,0.6923076923076923
rag_bge_small_k3,rag,eval_0049,What is the outlook for Lesch-Nyhan Syndrome ?,bge_small,3,0.938494951700854,0.7436167146282033,0.3333333333333333,0.9999999999,1.0
rag_bge_small_k3,rag,eval_0050,Is multiple system atrophy inherited ?,bge_small,3,0.0,0.7677707346151381,0.3076923076923077,0.9999999999,1.0
rag_bge_small_k5,rag,eval_0001,How to prevent Diabetic Kidney Disease ?,bge_small,5,0.8685647743706058,0.8247787770915722,0.75,0.99999999995,0.8205128205128205
rag_bge_small_k5,rag,eval_0002,What are the complications of Machado-Joseph Disease ?,bge_small,5,0.0,0.1712938009860745,0.625,0.0,0.0
rag_bge_small_k5,rag,eval_0003,What is (are) Rheumatoid Arthritis ?,bge_small,5,0.6703570006400544,0.8203275608121363,0.6363636363636364,0.99999999995,0.5555555555555556
rag_bge_small_k5,rag,eval_0004,Is Familial isolated hyperparathyroidism inherited ?,bge_small,5,0.9055001460524359,0.9499538628932156,0.6,0.99999999995,1.0
rag_bge_small_k5,rag,eval_0005,What are the genetic changes related to giant congenital melanocytic nevus ?,bge_small,5,0.8130534620876032,0.9113464042714087,0.5,0.99999999995,0.8888888888888888
rag_bge_small_k5,rag,eval_0006,Is diastrophic dysplasia inherited ?,bge_small,5,0.9104250535795001,0.7345774720444987,0.6666666666666666,0.99999999995,1.0
rag_bge_small_k5,rag,eval_0007,Is glucose phosphate isomerase deficiency inherited ?,bge_small,5,0.9369003203806725,0.6196648595336656,0.6666666666666666,0.99999999995,1.0
rag_bge_small_k5,rag,eval_0008,What causes Chromosome 4q deletion ?,bge_small,5,0.8771968746767236,0.9666701429007967,0.36363636363636365,0.99999999995,0.6
rag_bge_small_k5,rag,eval_0009,What is (are) X-linked lymphoproliferative disease ?,bge_small,5,0.745929345575425,0.8764091196352128,0.42105263157894735,0.99999999995,1.0
rag_bge_small_k5,rag,eval_0010,How to prevent Lung Cancer ?,bge_small,5,0.7954642208176655,0.8497836515405952,0.6785714285714286,0.99999999995,0.8
rag_bge_small_k5,rag,eval_0011,What is (are) Medicare and Continuing Care ?,bge_small,5,0.6131157922479246,0.7254067963756716,0.3333333333333333,0.99999999995,0.5714285714285714
rag_bge_small_k5,rag,eval_0012,What is (are) COG5-congenital disorder of glycosylation ?,bge_small,5,0.8688429456764547,0.9246548583074378,0.9,0.99999999995,0.5
rag_bge_small_k5,rag,eval_0013,What are the symptoms of Congenital myasthenic syndrome with episodic apnea ?,bge_small,5,0.0,0.8356115752081394,0.0,0.99999999995,0.38461538461538464
rag_bge_small_k5,rag,eval_0014,What are the treatments for Immunodeficiency with hyper IgM type 1 ?,bge_small,5,0.9615293245106401,0.8479087320946856,0.6,0.99999999995,0.8333333333333334
rag_bge_small_k5,rag,eval_0015,How many people are affected by mucopolysaccharidosis type VI ?,bge_small,5,0.0,0.8281152598556297,0.5,0.9999999999,1.0
rag_bge_small_k5,rag,eval_0016,What to do for Perineal Injury in Males ?,bge_small,5,0.8754304943832462,0.8599128171184578,0.25,0.99999999995,0.6
rag_bge_small_k5,rag,eval_0017,What are the genetic changes related to sialuria ?,bge_small,5,0.775695316416875,0.8439641971728601,0.125,0.9999999999,0.4444444444444444
rag_bge_small_k5,rag,eval_0018,what research (or clinical trials) is being done for Oropharyngeal Cancer ?,bge_small,5,0.0,0.7929677210250808,0.5,0.99999999995,0.8823529411764706
rag_bge_small_k5,rag,eval_0019,What is (are) Pallister-Killian mosaic syndrome ?,bge_small,5,0.9114228771980608,0.9346185147790312,0.4117647058823529,0.99999999995,0.1
rag_bge_small_k5,rag,eval_0020,What are the treatments for Mucopolysaccharidosis type I ?,bge_small,5,0.91523251270111,0.9427027393422238,0.5454545454545454,0.9999999999,0.875
rag_bge_small_k5,rag,eval_0021,what research (or clinical trials) is being done for Prostate Cancer ?,bge_small,5,0.8133255911487235,0.8325789173419567,0.3333333333333333,0.99999999995,0.9230769230769231
rag_bge_small_k5,rag,eval_0022,What are the symptoms of Heart Palpitations ?,bge_small,5,0.925655382448214,0.8932539344445827,0.85,0.99999999995,0.42857142857142855
rag_bge_small_k5,rag,eval_0023,What are the treatments for Aicardi syndrome ?,bge_small,5,0.0,0.7253912784319605,0.7142857142857143,0.0,0.5
rag_bge_small_k5,rag,eval_0024,Do you have information about Fires,bge_small,5,0.5010991708500644,0.7634834951221698,0.6956521739130435,0.9999999999,0.6470588235294118
rag_bge_small_k5,rag,eval_0025,What are the treatments for Juvenile amyotrophic lateral sclerosis ?,bge_small,5,0.0,0.9686685114163521,0.5833333333333334,0.99999999995,0.7142857142857143
rag_bge_small_k5,rag,eval_0026,What causes Congenital adrenal hyperplasia ?,bge_small,5,0.8869255444404148,0.9148309357448798,0.6,0.99999999995,0.6666666666666666
rag_bge_small_k5,rag,eval_0027,What to do for Gastroparesis ?,bge_small,5,0.828370452276613,0.7901008631405143,0.6666666666666666,0.99999999995,1.0
rag_bge_small_k5,rag,eval_0028,Who is at risk for ARDS? ?,bge_small,5,0.8743084578562128,0.9643277450916139,0.6153846153846154,0.99999999995,0.6153846153846154
rag_bge_small_k5,rag,eval_0029,What is (are) deafness-dystonia-optic neuronopathy syndrome ?,bge_small,5,0.7777978933828414,0.9204182879011827,0.6111111111111112,0.9999999999,0.46153846153846156
rag_bge_small_k5,rag,eval_0030,What is (are) benign chronic pemphigus ?,bge_small,5,0.8343824218807158,0.9623926600070848,0.6875,0.99999999995,1.0
rag_bge_small_k5,rag,eval_0031,What is (are) Hashimoto's syndrome ?,bge_small,5,0.7509494548878736,0.8265834497364785,0.7931034482758621,0.99999999995,0.625
rag_bge_small_k5,rag,eval_0032,What are the symptoms of Charcot-Marie-Tooth disease type 2D ?,bge_small,5,0.0,0.7999185750050886,0.1111111111111111,0.9999999999,0.46153846153846156
rag_bge_small_k5,rag,eval_0033,What are the symptoms of NADH cytochrome B5 reductase deficiency ?,bge_small,5,0.9913372122255056,0.8071644781695235,0.0,0.9999999999,0.8461538461538461
rag_bge_small_k5,rag,eval_0034,What are the treatments for Dementia ?,bge_small,5,0.9554215799731346,0.7869294575752659,0.09090909090909091,0.9999999999,0.6666666666666666
rag_bge_small_k5,rag,eval_0035,"What are the symptoms of Ichthyosiform erythroderma, corneal involvement, deafness ?",bge_small,5,0.0,0.7772768390810796,0.4,0.9999999999,0.7692307692307693
rag_bge_small_k5,rag,eval_0036,What are the treatments for Frontal fibrosing alopecia ?,bge_small,5,0.0,0.9233282182688509,0.5555555555555556,0.9999999999,0.6
rag_bge_small_k5,rag,eval_0037,Do you have information about Calcium,bge_small,5,0.5266029382767577,0.8531542190580225,0.5217391304347826,0.9999999999,0.5384615384615384
rag_bge_small_k5,rag,eval_0038,Do you have information about Smokeless Tobacco,bge_small,5,0.6367264459997025,0.9125162117862479,0.6470588235294118,0.9999999999,0.6666666666666666
rag_bge_small_k5,rag,eval_0039,What is the outlook for Tropical Spastic Paraparesis ?,bge_small,5,0.877792048753583,0.8266500698547314,0.7777777777777778,0.9999999999,1.0
rag_bge_small_k5,rag,eval_0040,What is (are) Parasites - Angiostrongyliasis (also known as Angiostrongylus Infection) ?,bge_small,5,0.6543050193123061,0.8535571052572114,0.38461538461538464,0.99999999995,1.0
rag_bge_small_k5,rag,eval_0041,What are the treatments for cystic fibrosis ?,bge_small,5,0.9294251751333591,0.6245522707554623,1.0,0.49999999995,1.0
rag_bge_small_k5,rag,eval_0042,What are the treatments for Leukoplakia ?,bge_small,5,0.8719921863425178,0.9065268287715269,0.5625,0.9999999999,0.75
rag_bge_small_k5,rag,eval_0043,What causes Best vitelliform macular dystrophy ?,bge_small,5,0.0,0.9015183191599416,0.29411764705882354,0.9999999999,1.0
rag_bge_small_k5,rag,eval_0044,What are the symptoms of Biotin-thiamine-responsive basal ganglia disease ?,bge_small,5,0.9934642644246233,0.7887380253259415,0.17391304347826086,0.9999999999,0.7692307692307693
rag_bge_small_k5,rag,eval_0045,How many people are affected by X-linked thrombocytopenia ?,bge_small,5,0.0,0.9524436397195801,0.6666666666666666,0.9999999999,1.0
rag_bge_small_k5,rag,eval_0046,What is the outlook for Diabetic Neuropathy ?,bge_small,5,0.0,0.8813934281241222,0.75,0.9999999999,1.0
rag_bge_small_k5,rag,eval_0047,What are the genetic changes related to multiple sulfatase deficiency ?,bge_small,5,0.8276837124199008,0.942288439014056,0.3333333333333333,0.9999999999,0.5
rag_bge_small_k5,rag,eval_0048,What are the symptoms of Erythroderma lethal congenital ?,bge_small,5,0.9949336106668644,0.8064992509882827,0.5,0.99999999995,0.7692307692307693
rag_bge_small_k5,rag,eval_0049,What is the outlook for Lesch-Nyhan Syndrome ?,bge_small,5,0.9384796465117767,0.7432747992503821,0.3333333333333333,0.9999999999,1.0
rag_bge_small_k5,rag,eval_0050,Is multiple system atrophy inherited ?,bge_small,5,0.0,0.8146605847633919,0.8333333333333334,0.9999999999,1.0
rag_bge_small_k10,rag,eval_0001,How to prevent Diabetic Kidney Disease ?,bge_small,10,0.8690761299736849,0.8284326859546766,0.5333333333333333,0.99999999995,0.8857142857142857
rag_bge_small_k10,rag,eval_0002,What are the complications of Machado-Joseph Disease ?,bge_small,10,0.0,0.1590676565976037,0.75,0.0,0.0
rag_bge_small_k10,rag,eval_0003,What is (are) Rheumatoid Arthritis ?,bge_small,10,0.6703407749461732,0.8050463353998938,0.55,0.99999999995,0.5555555555555556
rag_bge_small_k10,rag,eval_0004,Is Familial isolated hyperparathyroidism inherited ?,bge_small,10,0.9055001460524359,0.9375078935569161,0.5,0.99999999995,1.0
rag_bge_small_k10,rag,eval_0005,What are the genetic changes related to giant congenital melanocytic nevus ?,bge_small,10,0.8130644692416938,0.9351806573371526,0.4,0.99999999995,0.8888888888888888
rag_bge_small_k10,rag,eval_0006,Is diastrophic dysplasia inherited ?,bge_small,10,0.9104245380547713,0.7334074491115266,0.6666666666666666,0.99999999995,1.0
rag_bge_small_k10,rag,eval_0007,Is glucose phosphate isomerase deficiency inherited ?,bge_small,10,0.9368621636088419,0.6218336631605554,0.6666666666666666,0.99999999995,1.0
rag_bge_small_k10,rag,eval_0008,What causes Chromosome 4q deletion ?,bge_small,10,0.8795879107683553,0.9546777891585521,0.5,0.99999999995,0.6
rag_bge_small_k10,rag,eval_0009,What is (are) X-linked lymphoproliferative disease ?,bge_small,10,0.729396227839532,0.8970356538122743,0.6666666666666666,0.99999999995,1.0
rag_bge_small_k10,rag,eval_0010,How to prevent Lung Cancer ?,bge_small,10,0.8019158110403358,0.8330472302397147,0.5294117647058824,0.99999999995,0.6363636363636364
rag_bge_small_k10,rag,eval_0011,What is (are) Medicare and Continuing Care ?,bge_small,10,0.6131365175124349,0.7466366866439893,1.0,0.99999999995,0.0
rag_bge_small_k10,rag,eval_0012,What is (are) COG5-congenital disorder of glycosylation ?,bge_small,10,0.8728332696261397,0.924806925494086,0.6585365853658537,0.99999999995,0.5
rag_bge_small_k10,rag,eval_0013,What are the symptoms of Congenital myasthenic syndrome with episodic apnea ?,bge_small,10,0.9936696978673208,0.8394163745830601,0.0,0.99999999995,1.0
rag_bge_small_k10,rag,eval_0014,What are the treatments for Immunodeficiency with hyper IgM type 1 ?,bge_small,10,0.9615514215009537,0.846084203920654,0.75,0.99999999995,0.8333333333333334
rag_bge_small_k10,rag,eval_0015,How many people are affected by mucopolysaccharidosis type VI ?,bge_small,10,0.0,0.8246498749650693,0.4,0.9999999999,1.0
rag_bge_small_k10,rag,eval_0016,What to do for Perineal Injury in Males ?,bge_small,10,0.9103564120152403,0.8662184134877774,0.25,0.99999999995,0.6
rag_bge_small_k10,rag,eval_0017,What are the genetic changes related to sialuria ?,bge_small,10,0.7757577406638982,0.8385173010824875,0.16666666666666666,0.9999999999,0.4444444444444444
rag_bge_small_k10,rag,eval_0018,what research (or clinical trials) is being done for Oropharyngeal Cancer ?,bge_small,10,0.0,0.7595886438809226,0.35294117647058826,0.99999999995,0.8823529411764706
rag_bge_small_k10,rag,eval_0019,What is (are) Pallister-Killian mosaic syndrome ?,bge_small,10,0.8941509442392349,0.9461496382747555,0.64,0.99999999995,0.1
rag_bge_small_k10,rag,eval_0020,What are the treatments for Mucopolysaccharidosis type I ?,bge_small,10,0.0,0.9484508022015569,0.5555555555555556,0.9999999999,0.875
rag_bge_small_k10,rag,eval_0021,what research (or clinical trials) is being done for Prostate Cancer ?,bge_small,10,0.7353159183747099,0.8967020716847303,0.35294117647058826,0.99999999995,0.9230769230769231
rag_bge_small_k10,rag,eval_0022,What are the symptoms of Heart Palpitations ?,bge_small,10,0.9256560481608839,0.8999898199696738,0.7272727272727273,0.99999999995,0.5714285714285714
rag_bge_small_k10,rag,eval_0023,What are the treatments for Aicardi syndrome ?,bge_small,10,0.9521582727931119,0.7109284893858429,0.7142857142857143,0.0,0.5
rag_bge_small_k10,rag,eval_0024,Do you have information about Fires,bge_small,10,0.48629425819786676,0.7927218146085995,0.7272727272727273,0.9999999999,0.8235294117647058
rag_bge_small_k10,rag,eval_0025,What are the treatments for Juvenile amyotrophic lateral sclerosis ?,bge_small,10,0.9311695585586081,0.9465854043241424,0.2,0.9999999999,0.7142857142857143
rag_bge_small_k10,rag,eval_0026,What causes Congenital adrenal hyperplasia ?,bge_small,10,0.8869255444404148,0.9159145557727767,0.5333333333333333,0.99999999995,0.8333333333333334
rag_bge_small_k10,rag,eval_0027,What to do for Gastroparesis ?,bge_small,10,0.7993723648081855,0.7781255042636049,0.5454545454545454,0.99999999995,0.9791666666666666
rag_bge_small_k10,rag,eval_0028,Who is at risk for ARDS? ?,bge_small,10,0.8327811295951081,0.9572408551155775,0.6153846153846154,0.99999999995,0.6153846153846154
rag_bge_small_k10,rag,eval_0029,What is (are) deafness-dystonia-optic neuronopathy syndrome ?,bge_small,10,0.8174892746688945,0.9283400246192385,0.5555555555555556,0.9999999999,0.5384615384615384
rag_bge_small_k10,rag,eval_0030,What is (are) benign chronic pemphigus ?,bge_small,10,0.8382638799288066,0.9238040172933456,0.6086956521739131,0.99999999995,0.375
rag_bge_small_k10,rag,eval_0031,What is (are) Hashimoto's syndrome ?,bge_small,10,0.7934620913373437,0.8632926654946991,0.6,0.99999999995,0.625
rag_bge_small_k10,rag,eval_0032,What are the symptoms of Charcot-Marie-Tooth disease type 2D ?,bge_small,10,0.0,0.8161511495086194,0.1111111111111111,0.9999999999,1.0
rag_bge_small_k10,rag,eval_0033,What are the symptoms of NADH cytochrome B5 reductase deficiency ?,bge_small,10,0.0,0.8364745866658143,0.29411764705882354,0.9999999999,1.0
rag_bge_small_k10,rag,eval_0034,What are the treatments for Dementia ?,bge_small,10,0.8707989485233613,0.7582612102596666,0.47619047619047616,0.9999999999,0.6666666666666666
rag_bge_small_k10,rag,eval_0035,"What are the symptoms of Ichthyosiform erythroderma, corneal involvement, deafness ?",bge_small,10,0.7486597022773357,0.7746708310428742,0.0,0.9999999999,0.3333333333333333
rag_bge_small_k10,rag,eval_0036,What are the treatments for Frontal fibrosing alopecia ?,bge_small,10,0.0,0.9502499707829878,0.4,0.9999999999,0.6
rag_bge_small_k10,rag,eval_0037,Do you have information about Calcium,bge_small,10,0.5486264989407296,0.8239746673310844,0.4444444444444444,0.99999999995,0.5384615384615384
rag_bge_small_k10,rag,eval_0038,Do you have information about Smokeless Tobacco,bge_small,10,0.6368337423105465,0.8874724366120089,0.9090909090909091,0.9999999999,0.6666666666666666
rag_bge_small_k10,rag,eval_0039,What is the outlook for Tropical Spastic Paraparesis ?,bge_small,10,0.8938591400604438,0.8157837251331216,0.75,0.9999999999,1.0
rag_bge_small_k10,rag,eval_0040,What is (are) Parasites - Angiostrongyliasis (also known as Angiostrongylus Infection) ?,bge_small,10,0.6327864811176067,0.8448662042801867,0.5,0.99999999995,1.0
rag_bge_small_k10,rag,eval_0041,What are the treatments for cystic fibrosis ?,bge_small,10,0.8133884721565258,0.6368678792437568,0.7272727272727273,0.49999999995,1.0
rag_bge_small_k10,rag,eval_0042,What are the treatments for Leukoplakia ?,bge_small,10,0.8719787043367142,0.8741930091797047,0.7,0.9999999999,0.75
rag_bge_small_k10,rag,eval_0043,What causes Best vitelliform macular dystrophy ?,bge_small,10,0.0,0.9281576978024867,0.36363636363636365,0.9999999999,1.0
rag_bge_small_k10,rag,eval_0044,What are the symptoms of Biotin-thiamine-responsive basal ganglia disease ?,bge_small,10,0.993458372146733,0.783024608241458,0.03225806451612903,0.9999999999,0.7692307692307693
rag_bge_small_k10,rag,eval_0045,How many people are affected by X-linked thrombocytopenia ?,bge_small,10,0.8139761902249765,0.9619592584118503,0.5,0.9999999999,1.0
rag_bge_small_k10,rag,eval_0046,What is the outlook for Diabetic Neuropathy ?,bge_small,10,0.0,0.8839816972807468,0.7142857142857143,0.9999999999,1.0
rag_bge_small_k10,rag,eval_0047,What are the genetic changes related to multiple sulfatase deficiency ?,bge_small,10,0.8276837124199008,0.9512457920926712,0.3,0.9999999999,1.0
rag_bge_small_k10,rag,eval_0048,What are the symptoms of Erythroderma lethal congenital ?,bge_small,10,0.9949420799819735,0.8041027476050657,0.4166666666666667,0.9999999999,0.6923076923076923
rag_bge_small_k10,rag,eval_0049,What is the outlook for Lesch-Nyhan Syndrome ?,bge_small,10,0.9385275679704982,0.7465836311916654,0.375,0.9999999999,1.0
rag_bge_small_k10,rag,eval_0050,Is multiple system atrophy inherited ?,bge_small,10,0.0,0.8190494237977841,0.6666666666666666,0.9999999999,1.0
